,city,temperature_celsius,pm2_5
0,munich,7.5508264462809915,40.03859504132232
1,sydney,24.261897435897435,39.06025641025641
2,tokyo,12.685728952772074,39.741026694045175
